input,output
x squared,xCAPLEFTB2RIGHTB
y squared,yCAPLEFTB2RIGHTB
x squared,xCAPLEFTB2RIGHTB
y squared,yCAPLEFTB2RIGHTB
x squared,xCAPLEFTB2RIGHTB
y squared,yCAPLEFTB2RIGHTB
x squared,xCAPLEFTB2RIGHTB
x squared plus y squared,xCAPLEFTB2RIGHTB + yCAPLEFTB2RIGHTB
x squared plus y squared,xCAPLEFTB2RIGHTB + yCAPLEFTB2RIGHTB
x squared plus y squared,xCAPLEFTB2RIGHTB + yCAPLEFTB2RIGHTB
x squared plus y squared,xCAPLEFTB2RIGHTB + yCAPLEFTB2RIGHTB
x squared plus y squared,xCAPLEFTB2RIGHTB + yCAPLEFTB2RIGHTB
x squared plus y squared,xCAPLEFTB2RIGHTB + yCAPLEFTB2RIGHTB
x squared plus y squared,xCAPLEFTB2RIGHTB + yCAPLEFTB2RIGHTB
x squared plus y squared,xCAPLEFTB2RIGHTB + yCAPLEFTB2RIGHTB
integral of x squared from 0 to 1,"SLASHintUNDERSCORE0CAP1 xCAP2 SLASH, dx"
integral of x squared from 0 to 1,"SLASHintUNDERSCORE0CAP1 xCAP2 SLASH, dx"
integral of x squared from 0 to 1,"SLASHintUNDERSCORE0CAP1 xCAP2 SLASH, dx"
integral of x squared from 0 to 1,"SLASHintUNDERSCORE0CAP1 xCAP2 SLASH, dx"
integral of x squared from 0 to 1,"SLASHintUNDERSCORE0CAP1 xCAP2 SLASH, dx"
integral of x squared from 0 to 1,"SLASHintUNDERSCORE0CAP1 xCAP2 SLASH, dx"
integral of x squared from 0 to 1,"SLASHintUNDERSCORE0CAP1 xCAP2 SLASH, dx"
integral of x squared from 0 to 1,"SLASHintUNDERSCORE0CAP1 xCAP2 SLASH, dx"
integral of x squared from 0 to 1,"SLASHintUNDERSCORE0CAP1 xCAP2 SLASH, dx"
integral of x squared from 0 to 1,"SLASHintUNDERSCORE0CAP1 xCAP2 SLASH, dx"
x squared,xCAPLEFTB2RIGHTB
y squared,yCAPLEFTB2RIGHTB
x squared,xCAPLEFTB2RIGHTB
y squared,yCAPLEFTB2RIGHTB
x squared,xCAPLEFTB2RIGHTB
y squared,yCAPLEFTB2RIGHTB
x squared,xCAPLEFTB2RIGHTB
x squared plus y squared,xCAPLEFTB2RIGHTB + yCAPLEFTB2RIGHTB
x squared plus y squared,xCAPLEFTB2RIGHTB + yCAPLEFTB2RIGHTB
x squared plus y squared,xCAPLEFTB2RIGHTB + yCAPLEFTB2RIGHTB
x squared plus y squared,xCAPLEFTB2RIGHTB + yCAPLEFTB2RIGHTB
x squared plus y squared,xCAPLEFTB2RIGHTB + yCAPLEFTB2RIGHTB
x squared plus y squared,xCAPLEFTB2RIGHTB + yCAPLEFTB2RIGHTB
x squared plus y squared,xCAPLEFTB2RIGHTB + yCAPLEFTB2RIGHTB
x squared plus y squared,xCAPLEFTB2RIGHTB + yCAPLEFTB2RIGHTB
integral of x squared from 0 to 1,"SLASHintUNDERSCORE0CAP1 xCAP2 SLASH, dx"
integral of x squared from 0 to 1,"SLASHintUNDERSCORE0CAP1 xCAP2 SLASH, dx"
integral of x squared from 0 to 1,"SLASHintUNDERSCORE0CAP1 xCAP2 SLASH, dx"
integral of x squared from 0 to 1,"SLASHintUNDERSCORE0CAP1 xCAP2 SLASH, dx"
integral of x squared from 0 to 1,"SLASHintUNDERSCORE0CAP1 xCAP2 SLASH, dx"
integral of x squared from 0 to 1,"SLASHintUNDERSCORE0CAP1 xCAP2 SLASH, dx"
integral of x squared from 0 to 1,"SLASHintUNDERSCORE0CAP1 xCAP2 SLASH, dx"
integral of x squared from 0 to 1,"SLASHintUNDERSCORE0CAP1 xCAP2 SLASH, dx"
integral of x squared from 0 to 1,"SLASHintUNDERSCORE0CAP1 xCAP2 SLASH, dx"
integral of x squared from 0 to 1,"SLASHintUNDERSCORE0CAP1 xCAP2 SLASH, dx"
x squared,xCAPLEFTB2RIGHTB
y squared,yCAPLEFTB2RIGHTB
x squared,xCAPLEFTB2RIGHTB
y squared,yCAPLEFTB2RIGHTB
x squared,xCAPLEFTB2RIGHTB
y squared,yCAPLEFTB2RIGHTB
x squared,xCAPLEFTB2RIGHTB
x squared plus y squared,xCAPLEFTB2RIGHTB + yCAPLEFTB2RIGHTB
x squared plus y squared,xCAPLEFTB2RIGHTB + yCAPLEFTB2RIGHTB
x squared plus y squared,xCAPLEFTB2RIGHTB + yCAPLEFTB2RIGHTB
x squared plus y squared,xCAPLEFTB2RIGHTB + yCAPLEFTB2RIGHTB
x squared plus y squared,xCAPLEFTB2RIGHTB + yCAPLEFTB2RIGHTB
x squared plus y squared,xCAPLEFTB2RIGHTB + yCAPLEFTB2RIGHTB
x squared plus y squared,xCAPLEFTB2RIGHTB + yCAPLEFTB2RIGHTB
x squared plus y squared,xCAPLEFTB2RIGHTB + yCAPLEFTB2RIGHTB
integral of x squared from 0 to 1,"SLASHintUNDERSCORE0CAP1 xCAP2 SLASH, dx"
integral of x squared from 0 to 1,"SLASHintUNDERSCORE0CAP1 xCAP2 SLASH, dx"
integral of x squared from 0 to 1,"SLASHintUNDERSCORE0CAP1 xCAP2 SLASH, dx"
integral of x squared from 0 to 1,"SLASHintUNDERSCORE0CAP1 xCAP2 SLASH, dx"
integral of x squared from 0 to 1,"SLASHintUNDERSCORE0CAP1 xCAP2 SLASH, dx"
integral of x squared from 0 to 1,"SLASHintUNDERSCORE0CAP1 xCAP2 SLASH, dx"
integral of x squared from 0 to 1,"SLASHintUNDERSCORE0CAP1 xCAP2 SLASH, dx"
integral of x squared from 0 to 1,"SLASHintUNDERSCORE0CAP1 xCAP2 SLASH, dx"
integral of x squared from 0 to 1,"SLASHintUNDERSCORE0CAP1 xCAP2 SLASH, dx"
integral of x squared from 0 to 1,"SLASHintUNDERSCORE0CAP1 xCAP2 SLASH, dx"
x squared,xCAPLEFTB2RIGHTB
y squared,yCAPLEFTB2RIGHTB
x squared,xCAPLEFTB2RIGHTB
y squared,yCAPLEFTB2RIGHTB
x squared,xCAPLEFTB2RIGHTB
y squared,yCAPLEFTB2RIGHTB
x squared,xCAPLEFTB2RIGHTB
x squared plus y squared,xCAPLEFTB2RIGHTB + yCAPLEFTB2RIGHTB
x squared plus y squared,xCAPLEFTB2RIGHTB + yCAPLEFTB2RIGHTB
x squared plus y squared,xCAPLEFTB2RIGHTB + yCAPLEFTB2RIGHTB
x squared plus y squared,xCAPLEFTB2RIGHTB + yCAPLEFTB2RIGHTB
x squared plus y squared,xCAPLEFTB2RIGHTB + yCAPLEFTB2RIGHTB
x squared plus y squared,xCAPLEFTB2RIGHTB + yCAPLEFTB2RIGHTB
x squared plus y squared,xCAPLEFTB2RIGHTB + yCAPLEFTB2RIGHTB
x squared plus y squared,xCAPLEFTB2RIGHTB + yCAPLEFTB2RIGHTB
integral of x squared from 0 to 1,"SLASHintUNDERSCORE0CAP1 xCAP2 SLASH, dx"
integral of x squared from 0 to 1,"SLASHintUNDERSCORE0CAP1 xCAP2 SLASH, dx"
integral of x squared from 0 to 1,"SLASHintUNDERSCORE0CAP1 xCAP2 SLASH, dx"
integral of x squared from 0 to 1,"SLASHintUNDERSCORE0CAP1 xCAP2 SLASH, dx"
integral of x squared from 0 to 1,"SLASHintUNDERSCORE0CAP1 xCAP2 SLASH, dx"
integral of x squared from 0 to 1,"SLASHintUNDERSCORE0CAP1 xCAP2 SLASH, dx"
integral of x squared from 0 to 1,"SLASHintUNDERSCORE0CAP1 xCAP2 SLASH, dx"
integral of x squared from 0 to 1,"SLASHintUNDERSCORE0CAP1 xCAP2 SLASH, dx"
integral of x squared from 0 to 1,"SLASHintUNDERSCORE0CAP1 xCAP2 SLASH, dx"
integral of x squared from 0 to 1,"SLASHintUNDERSCORE0CAP1 xCAP2 SLASH, dx"
x squared,xCAPLEFTB2RIGHTB
y squared,yCAPLEFTB2RIGHTB
x squared,xCAPLEFTB2RIGHTB
y squared,yCAPLEFTB2RIGHTB
x squared,xCAPLEFTB2RIGHTB
y squared,yCAPLEFTB2RIGHTB
x squared,xCAPLEFTB2RIGHTB
x squared plus y squared,xCAPLEFTB2RIGHTB + yCAPLEFTB2RIGHTB
x squared plus y squared,xCAPLEFTB2RIGHTB + yCAPLEFTB2RIGHTB
x squared plus y squared,xCAPLEFTB2RIGHTB + yCAPLEFTB2RIGHTB
x squared plus y squared,xCAPLEFTB2RIGHTB + yCAPLEFTB2RIGHTB
x squared plus y squared,xCAPLEFTB2RIGHTB + yCAPLEFTB2RIGHTB
x squared plus y squared,xCAPLEFTB2RIGHTB + yCAPLEFTB2RIGHTB
x squared plus y squared,xCAPLEFTB2RIGHTB + yCAPLEFTB2RIGHTB
x squared plus y squared,xCAPLEFTB2RIGHTB + yCAPLEFTB2RIGHTB
integral of x squared from 0 to 1,"SLASHintUNDERSCORE0CAP1 xCAP2 SLASH, dx"
integral of x squared from 0 to 1,"SLASHintUNDERSCORE0CAP1 xCAP2 SLASH, dx"
integral of x squared from 0 to 1,"SLASHintUNDERSCORE0CAP1 xCAP2 SLASH, dx"
integral of x squared from 0 to 1,"SLASHintUNDERSCORE0CAP1 xCAP2 SLASH, dx"
integral of x squared from 0 to 1,"SLASHintUNDERSCORE0CAP1 xCAP2 SLASH, dx"
integral of x squared from 0 to 1,"SLASHintUNDERSCORE0CAP1 xCAP2 SLASH, dx"
integral of x squared from 0 to 1,"SLASHintUNDERSCORE0CAP1 xCAP2 SLASH, dx"
integral of x squared from 0 to 1,"SLASHintUNDERSCORE0CAP1 xCAP2 SLASH, dx"
integral of x squared from 0 to 1,"SLASHintUNDERSCORE0CAP1 xCAP2 SLASH, dx"
integral of x squared from 0 to 1,"SLASHintUNDERSCORE0CAP1 xCAP2 SLASH, dx"
x squared,xCAPLEFTB2RIGHTB
y squared,yCAPLEFTB2RIGHTB
x squared,xCAPLEFTB2RIGHTB
y squared,yCAPLEFTB2RIGHTB
x squared,xCAPLEFTB2RIGHTB
y squared,yCAPLEFTB2RIGHTB
x squared,xCAPLEFTB2RIGHTB
x squared plus y squared,xCAPLEFTB2RIGHTB + yCAPLEFTB2RIGHTB
x squared plus y squared,xCAPLEFTB2RIGHTB + yCAPLEFTB2RIGHTB
x squared plus y squared,xCAPLEFTB2RIGHTB + yCAPLEFTB2RIGHTB
x squared plus y squared,xCAPLEFTB2RIGHTB + yCAPLEFTB2RIGHTB
x squared plus y squared,xCAPLEFTB2RIGHTB + yCAPLEFTB2RIGHTB
x squared plus y squared,xCAPLEFTB2RIGHTB + yCAPLEFTB2RIGHTB
x squared plus y squared,xCAPLEFTB2RIGHTB + yCAPLEFTB2RIGHTB
x squared plus y squared,xCAPLEFTB2RIGHTB + yCAPLEFTB2RIGHTB
integral of x squared from 0 to 1,"SLASHintUNDERSCORE0CAP1 xCAP2 SLASH, dx"
integral of x squared from 0 to 1,"SLASHintUNDERSCORE0CAP1 xCAP2 SLASH, dx"
integral of x squared from 0 to 1,"SLASHintUNDERSCORE0CAP1 xCAP2 SLASH, dx"
integral of x squared from 0 to 1,"SLASHintUNDERSCORE0CAP1 xCAP2 SLASH, dx"
integral of x squared from 0 to 1,"SLASHintUNDERSCORE0CAP1 xCAP2 SLASH, dx"
integral of x squared from 0 to 1,"SLASHintUNDERSCORE0CAP1 xCAP2 SLASH, dx"
integral of x squared from 0 to 1,"SLASHintUNDERSCORE0CAP1 xCAP2 SLASH, dx"
integral of x squared from 0 to 1,"SLASHintUNDERSCORE0CAP1 xCAP2 SLASH, dx"
integral of x squared from 0 to 1,"SLASHintUNDERSCORE0CAP1 xCAP2 SLASH, dx"
integral of x squared from 0 to 1,"SLASHintUNDERSCORE0CAP1 xCAP2 SLASH, dx"
x squared,xCAPLEFTB2RIGHTB
y squared,yCAPLEFTB2RIGHTB
x squared,xCAPLEFTB2RIGHTB
y squared,yCAPLEFTB2RIGHTB
x squared,xCAPLEFTB2RIGHTB
y squared,yCAPLEFTB2RIGHTB
x squared,xCAPLEFTB2RIGHTB
x squared plus y squared,xCAPLEFTB2RIGHTB + yCAPLEFTB2RIGHTB
x squared plus y squared,xCAPLEFTB2RIGHTB + yCAPLEFTB2RIGHTB
x squared plus y squared,xCAPLEFTB2RIGHTB + yCAPLEFTB2RIGHTB
x squared plus y squared,xCAPLEFTB2RIGHTB + yCAPLEFTB2RIGHTB
x squared plus y squared,xCAPLEFTB2RIGHTB + yCAPLEFTB2RIGHTB
x squared plus y squared,xCAPLEFTB2RIGHTB + yCAPLEFTB2RIGHTB
x squared plus y squared,xCAPLEFTB2RIGHTB + yCAPLEFTB2RIGHTB
x squared plus y squared,xCAPLEFTB2RIGHTB + yCAPLEFTB2RIGHTB
integral of x squared from 0 to 1,"SLASHintUNDERSCORE0CAP1 xCAP2 SLASH, dx"
integral of x squared from 0 to 1,"SLASHintUNDERSCORE0CAP1 xCAP2 SLASH, dx"
integral of x squared from 0 to 1,"SLASHintUNDERSCORE0CAP1 xCAP2 SLASH, dx"
integral of x squared from 0 to 1,"SLASHintUNDERSCORE0CAP1 xCAP2 SLASH, dx"
integral of x squared from 0 to 1,"SLASHintUNDERSCORE0CAP1 xCAP2 SLASH, dx"
integral of x squared from 0 to 1,"SLASHintUNDERSCORE0CAP1 xCAP2 SLASH, dx"
integral of x squared from 0 to 1,"SLASHintUNDERSCORE0CAP1 xCAP2 SLASH, dx"
integral of x squared from 0 to 1,"SLASHintUNDERSCORE0CAP1 xCAP2 SLASH, dx"
integral of x squared from 0 to 1,"SLASHintUNDERSCORE0CAP1 xCAP2 SLASH, dx"
integral of x squared from 0 to 1,"SLASHintUNDERSCORE0CAP1 xCAP2 SLASH, dx"
x squared,xCAPLEFTB2RIGHTB
y squared,yCAPLEFTB2RIGHTB
x squared,xCAPLEFTB2RIGHTB
y squared,yCAPLEFTB2RIGHTB
x squared,xCAPLEFTB2RIGHTB
y squared,yCAPLEFTB2RIGHTB
x squared,xCAPLEFTB2RIGHTB
x squared plus y squared,xCAPLEFTB2RIGHTB + yCAPLEFTB2RIGHTB
x squared plus y squared,xCAPLEFTB2RIGHTB + yCAPLEFTB2RIGHTB
x squared plus y squared,xCAPLEFTB2RIGHTB + yCAPLEFTB2RIGHTB
x squared plus y squared,xCAPLEFTB2RIGHTB + yCAPLEFTB2RIGHTB
x squared plus y squared,xCAPLEFTB2RIGHTB + yCAPLEFTB2RIGHTB
x squared plus y squared,xCAPLEFTB2RIGHTB + yCAPLEFTB2RIGHTB
x squared plus y squared,xCAPLEFTB2RIGHTB + yCAPLEFTB2RIGHTB
x squared plus y squared,xCAPLEFTB2RIGHTB + yCAPLEFTB2RIGHTB
integral of x squared from 0 to 1,"SLASHintUNDERSCORE0CAP1 xCAP2 SLASH, dx"
integral of x squared from 0 to 1,"SLASHintUNDERSCORE0CAP1 xCAP2 SLASH, dx"
integral of x squared from 0 to 1,"SLASHintUNDERSCORE0CAP1 xCAP2 SLASH, dx"
integral of x squared from 0 to 1,"SLASHintUNDERSCORE0CAP1 xCAP2 SLASH, dx"
integral of x squared from 0 to 1,"SLASHintUNDERSCORE0CAP1 xCAP2 SLASH, dx"
integral of x squared from 0 to 1,"SLASHintUNDERSCORE0CAP1 xCAP2 SLASH, dx"
integral of x squared from 0 to 1,"SLASHintUNDERSCORE0CAP1 xCAP2 SLASH, dx"
integral of x squared from 0 to 1,"SLASHintUNDERSCORE0CAP1 xCAP2 SLASH, dx"
integral of x squared from 0 to 1,"SLASHintUNDERSCORE0CAP1 xCAP2 SLASH, dx"
integral of x squared from 0 to 1,"SLASHintUNDERSCORE0CAP1 xCAP2 SLASH, dx"
x squared,xCAPLEFTB2RIGHTB
y squared,yCAPLEFTB2RIGHTB
x squared,xCAPLEFTB2RIGHTB
y squared,yCAPLEFTB2RIGHTB
x squared,xCAPLEFTB2RIGHTB
y squared,yCAPLEFTB2RIGHTB
x squared,xCAPLEFTB2RIGHTB
x squared plus y squared,xCAPLEFTB2RIGHTB + yCAPLEFTB2RIGHTB
x squared plus y squared,xCAPLEFTB2RIGHTB + yCAPLEFTB2RIGHTB
x squared plus y squared,xCAPLEFTB2RIGHTB + yCAPLEFTB2RIGHTB
x squared plus y squared,xCAPLEFTB2RIGHTB + yCAPLEFTB2RIGHTB
x squared plus y squared,xCAPLEFTB2RIGHTB + yCAPLEFTB2RIGHTB
x squared plus y squared,xCAPLEFTB2RIGHTB + yCAPLEFTB2RIGHTB
x squared plus y squared,xCAPLEFTB2RIGHTB + yCAPLEFTB2RIGHTB
x squared plus y squared,xCAPLEFTB2RIGHTB + yCAPLEFTB2RIGHTB
integral of x squared from 0 to 1,"SLASHintUNDERSCORE0CAP1 xCAP2 SLASH, dx"
integral of x squared from 0 to 1,"SLASHintUNDERSCORE0CAP1 xCAP2 SLASH, dx"
integral of x squared from 0 to 1,"SLASHintUNDERSCORE0CAP1 xCAP2 SLASH, dx"
integral of x squared from 0 to 1,"SLASHintUNDERSCORE0CAP1 xCAP2 SLASH, dx"
integral of x squared from 0 to 1,"SLASHintUNDERSCORE0CAP1 xCAP2 SLASH, dx"
integral of x squared from 0 to 1,"SLASHintUNDERSCORE0CAP1 xCAP2 SLASH, dx"
integral of x squared from 0 to 1,"SLASHintUNDERSCORE0CAP1 xCAP2 SLASH, dx"
integral of x squared from 0 to 1,"SLASHintUNDERSCORE0CAP1 xCAP2 SLASH, dx"
integral of x squared from 0 to 1,"SLASHintUNDERSCORE0CAP1 xCAP2 SLASH, dx"
integral of x squared from 0 to 1,"SLASHintUNDERSCORE0CAP1 xCAP2 SLASH, dx"
x squared,xCAPLEFTB2RIGHTB
y squared,yCAPLEFTB2RIGHTB
x squared,xCAPLEFTB2RIGHTB
y squared,yCAPLEFTB2RIGHTB
x squared,xCAPLEFTB2RIGHTB
y squared,yCAPLEFTB2RIGHTB
x squared,xCAPLEFTB2RIGHTB
x squared plus y squared,xCAPLEFTB2RIGHTB + yCAPLEFTB2RIGHTB
x squared plus y squared,xCAPLEFTB2RIGHTB + yCAPLEFTB2RIGHTB
x squared plus y squared,xCAPLEFTB2RIGHTB + yCAPLEFTB2RIGHTB
x squared plus y squared,xCAPLEFTB2RIGHTB + yCAPLEFTB2RIGHTB
x squared plus y squared,xCAPLEFTB2RIGHTB + yCAPLEFTB2RIGHTB
x squared plus y squared,xCAPLEFTB2RIGHTB + yCAPLEFTB2RIGHTB
x squared plus y squared,xCAPLEFTB2RIGHTB + yCAPLEFTB2RIGHTB
x squared plus y squared,xCAPLEFTB2RIGHTB + yCAPLEFTB2RIGHTB
integral of x squared from 0 to 1,"SLASHintUNDERSCORE0CAP1 xCAP2 SLASH, dx"
integral of x squared from 0 to 1,"SLASHintUNDERSCORE0CAP1 xCAP2 SLASH, dx"
integral of x squared from 0 to 1,"SLASHintUNDERSCORE0CAP1 xCAP2 SLASH, dx"
integral of x squared from 0 to 1,"SLASHintUNDERSCORE0CAP1 xCAP2 SLASH, dx"
integral of x squared from 0 to 1,"SLASHintUNDERSCORE0CAP1 xCAP2 SLASH, dx"
integral of x squared from 0 to 1,"SLASHintUNDERSCORE0CAP1 xCAP2 SLASH, dx"
integral of x squared from 0 to 1,"SLASHintUNDERSCORE0CAP1 xCAP2 SLASH, dx"
integral of x squared from 0 to 1,"SLASHintUNDERSCORE0CAP1 xCAP2 SLASH, dx"
integral of x squared from 0 to 1,"SLASHintUNDERSCORE0CAP1 xCAP2 SLASH, dx"
integral of x squared from 0 to 1,"SLASHintUNDERSCORE0CAP1 xCAP2 SLASH, dx"
x squared,xCAPLEFTB2RIGHTB
y squared,yCAPLEFTB2RIGHTB
x squared,xCAPLEFTB2RIGHTB
y squared,yCAPLEFTB2RIGHTB
x squared,xCAPLEFTB2RIGHTB
y squared,yCAPLEFTB2RIGHTB
x squared,xCAPLEFTB2RIGHTB
x squared plus y squared,xCAPLEFTB2RIGHTB + yCAPLEFTB2RIGHTB
x squared plus y squared,xCAPLEFTB2RIGHTB + yCAPLEFTB2RIGHTB
x squared plus y squared,xCAPLEFTB2RIGHTB + yCAPLEFTB2RIGHTB
x squared plus y squared,xCAPLEFTB2RIGHTB + yCAPLEFTB2RIGHTB
x squared plus y squared,xCAPLEFTB2RIGHTB + yCAPLEFTB2RIGHTB
x squared plus y squared,xCAPLEFTB2RIGHTB + yCAPLEFTB2RIGHTB
x squared plus y squared,xCAPLEFTB2RIGHTB + yCAPLEFTB2RIGHTB
x squared plus y squared,xCAPLEFTB2RIGHTB + yCAPLEFTB2RIGHTB
integral of x squared from 0 to 1,"SLASHintUNDERSCORE0CAP1 xCAP2 SLASH, dx"
integral of x squared from 0 to 1,"SLASHintUNDERSCORE0CAP1 xCAP2 SLASH, dx"
integral of x squared from 0 to 1,"SLASHintUNDERSCORE0CAP1 xCAP2 SLASH, dx"
integral of x squared from 0 to 1,"SLASHintUNDERSCORE0CAP1 xCAP2 SLASH, dx"
integral of x squared from 0 to 1,"SLASHintUNDERSCORE0CAP1 xCAP2 SLASH, dx"
integral of x squared from 0 to 1,"SLASHintUNDERSCORE0CAP1 xCAP2 SLASH, dx"
integral of x squared from 0 to 1,"SLASHintUNDERSCORE0CAP1 xCAP2 SLASH, dx"
integral of x squared from 0 to 1,"SLASHintUNDERSCORE0CAP1 xCAP2 SLASH, dx"
integral of x squared from 0 to 1,"SLASHintUNDERSCORE0CAP1 xCAP2 SLASH, dx"
integral of x squared from 0 to 1,"SLASHintUNDERSCORE0CAP1 xCAP2 SLASH, dx"
x squared,xCAPLEFTB2RIGHTB
y squared,yCAPLEFTB2RIGHTB
x squared,xCAPLEFTB2RIGHTB
y squared,yCAPLEFTB2RIGHTB
x squared,xCAPLEFTB2RIGHTB
y squared,yCAPLEFTB2RIGHTB
x squared,xCAPLEFTB2RIGHTB
x squared plus y squared,xCAPLEFTB2RIGHTB + yCAPLEFTB2RIGHTB
x squared plus y squared,xCAPLEFTB2RIGHTB + yCAPLEFTB2RIGHTB
x squared plus y squared,xCAPLEFTB2RIGHTB + yCAPLEFTB2RIGHTB
x squared plus y squared,xCAPLEFTB2RIGHTB + yCAPLEFTB2RIGHTB
x squared plus y squared,xCAPLEFTB2RIGHTB + yCAPLEFTB2RIGHTB
x squared plus y squared,xCAPLEFTB2RIGHTB + yCAPLEFTB2RIGHTB
x squared plus y squared,xCAPLEFTB2RIGHTB + yCAPLEFTB2RIGHTB
x squared plus y squared,xCAPLEFTB2RIGHTB + yCAPLEFTB2RIGHTB
integral of x squared from 0 to 1,"SLASHintUNDERSCORE0CAP1 xCAP2 SLASH, dx"
integral of x squared from 0 to 1,"SLASHintUNDERSCORE0CAP1 xCAP2 SLASH, dx"
integral of x squared from 0 to 1,"SLASHintUNDERSCORE0CAP1 xCAP2 SLASH, dx"
integral of x squared from 0 to 1,"SLASHintUNDERSCORE0CAP1 xCAP2 SLASH, dx"
integral of x squared from 0 to 1,"SLASHintUNDERSCORE0CAP1 xCAP2 SLASH, dx"
integral of x squared from 0 to 1,"SLASHintUNDERSCORE0CAP1 xCAP2 SLASH, dx"
integral of x squared from 0 to 1,"SLASHintUNDERSCORE0CAP1 xCAP2 SLASH, dx"
integral of x squared from 0 to 1,"SLASHintUNDERSCORE0CAP1 xCAP2 SLASH, dx"
integral of x squared from 0 to 1,"SLASHintUNDERSCORE0CAP1 xCAP2 SLASH, dx"
integral of x squared from 0 to 1,"SLASHintUNDERSCORE0CAP1 xCAP2 SLASH, dx"
x squared,xCAPLEFTB2RIGHTB
y squared,yCAPLEFTB2RIGHTB
x squared,xCAPLEFTB2RIGHTB
y squared,yCAPLEFTB2RIGHTB
x squared,xCAPLEFTB2RIGHTB
y squared,yCAPLEFTB2RIGHTB
x squared,xCAPLEFTB2RIGHTB
x squared plus y squared,xCAPLEFTB2RIGHTB + yCAPLEFTB2RIGHTB
x squared plus y squared,xCAPLEFTB2RIGHTB + yCAPLEFTB2RIGHTB
x squared plus y squared,xCAPLEFTB2RIGHTB + yCAPLEFTB2RIGHTB
x squared plus y squared,xCAPLEFTB2RIGHTB + yCAPLEFTB2RIGHTB
x squared plus y squared,xCAPLEFTB2RIGHTB + yCAPLEFTB2RIGHTB
x squared plus y squared,xCAPLEFTB2RIGHTB + yCAPLEFTB2RIGHTB
x squared plus y squared,xCAPLEFTB2RIGHTB + yCAPLEFTB2RIGHTB
x squared plus y squared,xCAPLEFTB2RIGHTB + yCAPLEFTB2RIGHTB
integral of x squared from 0 to 1,"SLASHintUNDERSCORE0CAP1 xCAP2 SLASH, dx"
integral of x squared from 0 to 1,"SLASHintUNDERSCORE0CAP1 xCAP2 SLASH, dx"
integral of x squared from 0 to 1,"SLASHintUNDERSCORE0CAP1 xCAP2 SLASH, dx"
integral of x squared from 0 to 1,"SLASHintUNDERSCORE0CAP1 xCAP2 SLASH, dx"
integral of x squared from 0 to 1,"SLASHintUNDERSCORE0CAP1 xCAP2 SLASH, dx"
integral of x squared from 0 to 1,"SLASHintUNDERSCORE0CAP1 xCAP2 SLASH, dx"
integral of x squared from 0 to 1,"SLASHintUNDERSCORE0CAP1 xCAP2 SLASH, dx"
integral of x squared from 0 to 1,"SLASHintUNDERSCORE0CAP1 xCAP2 SLASH, dx"
integral of x squared from 0 to 1,"SLASHintUNDERSCORE0CAP1 xCAP2 SLASH, dx"
integral of x squared from 0 to 1,"SLASHintUNDERSCORE0CAP1 xCAP2 SLASH, dx"
x squared,xCAPLEFTB2RIGHTB
y squared,yCAPLEFTB2RIGHTB
x squared,xCAPLEFTB2RIGHTB
y squared,yCAPLEFTB2RIGHTB
x squared,xCAPLEFTB2RIGHTB
y squared,yCAPLEFTB2RIGHTB
x squared,xCAPLEFTB2RIGHTB
x squared plus y squared,xCAPLEFTB2RIGHTB + yCAPLEFTB2RIGHTB
x squared plus y squared,xCAPLEFTB2RIGHTB + yCAPLEFTB2RIGHTB
x squared plus y squared,xCAPLEFTB2RIGHTB + yCAPLEFTB2RIGHTB
x squared plus y squared,xCAPLEFTB2RIGHTB + yCAPLEFTB2RIGHTB
x squared plus y squared,xCAPLEFTB2RIGHTB + yCAPLEFTB2RIGHTB
x squared plus y squared,xCAPLEFTB2RIGHTB + yCAPLEFTB2RIGHTB
x squared plus y squared,xCAPLEFTB2RIGHTB + yCAPLEFTB2RIGHTB
x squared plus y squared,xCAPLEFTB2RIGHTB + yCAPLEFTB2RIGHTB
integral of x squared from 0 to 1,"SLASHintUNDERSCORE0CAP1 xCAP2 SLASH, dx"
integral of x squared from 0 to 1,"SLASHintUNDERSCORE0CAP1 xCAP2 SLASH, dx"
integral of x squared from 0 to 1,"SLASHintUNDERSCORE0CAP1 xCAP2 SLASH, dx"
integral of x squared from 0 to 1,"SLASHintUNDERSCORE0CAP1 xCAP2 SLASH, dx"
integral of x squared from 0 to 1,"SLASHintUNDERSCORE0CAP1 xCAP2 SLASH, dx"
integral of x squared from 0 to 1,"SLASHintUNDERSCORE0CAP1 xCAP2 SLASH, dx"
integral of x squared from 0 to 1,"SLASHintUNDERSCORE0CAP1 xCAP2 SLASH, dx"
integral of x squared from 0 to 1,"SLASHintUNDERSCORE0CAP1 xCAP2 SLASH, dx"
integral of x squared from 0 to 1,"SLASHintUNDERSCORE0CAP1 xCAP2 SLASH, dx"
integral of x squared from 0 to 1,"SLASHintUNDERSCORE0CAP1 xCAP2 SLASH, dx"
x squared,xCAPLEFTB2RIGHTB
y squared,yCAPLEFTB2RIGHTB
x squared,xCAPLEFTB2RIGHTB
y squared,yCAPLEFTB2RIGHTB
x squared,xCAPLEFTB2RIGHTB
y squared,yCAPLEFTB2RIGHTB
x squared,xCAPLEFTB2RIGHTB
x squared plus y squared,xCAPLEFTB2RIGHTB + yCAPLEFTB2RIGHTB
x squared plus y squared,xCAPLEFTB2RIGHTB + yCAPLEFTB2RIGHTB
x squared plus y squared,xCAPLEFTB2RIGHTB + yCAPLEFTB2RIGHTB
x squared plus y squared,xCAPLEFTB2RIGHTB + yCAPLEFTB2RIGHTB
x squared plus y squared,xCAPLEFTB2RIGHTB + yCAPLEFTB2RIGHTB
x squared plus y squared,xCAPLEFTB2RIGHTB + yCAPLEFTB2RIGHTB
x squared plus y squared,xCAPLEFTB2RIGHTB + yCAPLEFTB2RIGHTB
x squared plus y squared,xCAPLEFTB2RIGHTB + yCAPLEFTB2RIGHTB
integral of x squared from 0 to 1,"SLASHintUNDERSCORE0CAP1 xCAP2 SLASH, dx"
integral of x squared from 0 to 1,"SLASHintUNDERSCORE0CAP1 xCAP2 SLASH, dx"
integral of x squared from 0 to 1,"SLASHintUNDERSCORE0CAP1 xCAP2 SLASH, dx"
integral of x squared from 0 to 1,"SLASHintUNDERSCORE0CAP1 xCAP2 SLASH, dx"
integral of x squared from 0 to 1,"SLASHintUNDERSCORE0CAP1 xCAP2 SLASH, dx"
integral of x squared from 0 to 1,"SLASHintUNDERSCORE0CAP1 xCAP2 SLASH, dx"
integral of x squared from 0 to 1,"SLASHintUNDERSCORE0CAP1 xCAP2 SLASH, dx"
integral of x squared from 0 to 1,"SLASHintUNDERSCORE0CAP1 xCAP2 SLASH, dx"
integral of x squared from 0 to 1,"SLASHintUNDERSCORE0CAP1 xCAP2 SLASH, dx"
integral of x squared from 0 to 1,"SLASHintUNDERSCORE0CAP1 xCAP2 SLASH, dx"
x squared,xCAPLEFTB2RIGHTB
y squared,yCAPLEFTB2RIGHTB
x squared,xCAPLEFTB2RIGHTB
y squared,yCAPLEFTB2RIGHTB
x squared,xCAPLEFTB2RIGHTB
y squared,yCAPLEFTB2RIGHTB
x squared,xCAPLEFTB2RIGHTB
x squared plus y squared,xCAPLEFTB2RIGHTB + yCAPLEFTB2RIGHTB
x squared plus y squared,xCAPLEFTB2RIGHTB + yCAPLEFTB2RIGHTB
x squared plus y squared,xCAPLEFTB2RIGHTB + yCAPLEFTB2RIGHTB
x squared plus y squared,xCAPLEFTB2RIGHTB + yCAPLEFTB2RIGHTB
x squared plus y squared,xCAPLEFTB2RIGHTB + yCAPLEFTB2RIGHTB
x squared plus y squared,xCAPLEFTB2RIGHTB + yCAPLEFTB2RIGHTB
x squared plus y squared,xCAPLEFTB2RIGHTB + yCAPLEFTB2RIGHTB
x squared plus y squared,xCAPLEFTB2RIGHTB + yCAPLEFTB2RIGHTB
integral of x squared from 0 to 1,"SLASHintUNDERSCORE0CAP1 xCAP2 SLASH, dx"
integral of x squared from 0 to 1,"SLASHintUNDERSCORE0CAP1 xCAP2 SLASH, dx"
integral of x squared from 0 to 1,"SLASHintUNDERSCORE0CAP1 xCAP2 SLASH, dx"
integral of x squared from 0 to 1,"SLASHintUNDERSCORE0CAP1 xCAP2 SLASH, dx"
integral of x squared from 0 to 1,"SLASHintUNDERSCORE0CAP1 xCAP2 SLASH, dx"
integral of x squared from 0 to 1,"SLASHintUNDERSCORE0CAP1 xCAP2 SLASH, dx"
integral of x squared from 0 to 1,"SLASHintUNDERSCORE0CAP1 xCAP2 SLASH, dx"
integral of x squared from 0 to 1,"SLASHintUNDERSCORE0CAP1 xCAP2 SLASH, dx"
integral of x squared from 0 to 1,"SLASHintUNDERSCORE0CAP1 xCAP2 SLASH, dx"
integral of x squared from 0 to 1,"SLASHintUNDERSCORE0CAP1 xCAP2 SLASH, dx"
x squared,xCAPLEFTB2RIGHTB
y squared,yCAPLEFTB2RIGHTB
x squared,xCAPLEFTB2RIGHTB
y squared,yCAPLEFTB2RIGHTB
x squared,xCAPLEFTB2RIGHTB
y squared,yCAPLEFTB2RIGHTB
x squared,xCAPLEFTB2RIGHTB
x squared plus y squared,xCAPLEFTB2RIGHTB + yCAPLEFTB2RIGHTB
x squared plus y squared,xCAPLEFTB2RIGHTB + yCAPLEFTB2RIGHTB
x squared plus y squared,xCAPLEFTB2RIGHTB + yCAPLEFTB2RIGHTB
x squared plus y squared,xCAPLEFTB2RIGHTB + yCAPLEFTB2RIGHTB
x squared plus y squared,xCAPLEFTB2RIGHTB + yCAPLEFTB2RIGHTB
x squared plus y squared,xCAPLEFTB2RIGHTB + yCAPLEFTB2RIGHTB
x squared plus y squared,xCAPLEFTB2RIGHTB + yCAPLEFTB2RIGHTB
x squared plus y squared,xCAPLEFTB2RIGHTB + yCAPLEFTB2RIGHTB
integral of x squared from 0 to 1,"SLASHintUNDERSCORE0CAP1 xCAP2 SLASH, dx"
integral of x squared from 0 to 1,"SLASHintUNDERSCORE0CAP1 xCAP2 SLASH, dx"
integral of x squared from 0 to 1,"SLASHintUNDERSCORE0CAP1 xCAP2 SLASH, dx"
integral of x squared from 0 to 1,"SLASHintUNDERSCORE0CAP1 xCAP2 SLASH, dx"
integral of x squared from 0 to 1,"SLASHintUNDERSCORE0CAP1 xCAP2 SLASH, dx"
integral of x squared from 0 to 1,"SLASHintUNDERSCORE0CAP1 xCAP2 SLASH, dx"
integral of x squared from 0 to 1,"SLASHintUNDERSCORE0CAP1 xCAP2 SLASH, dx"
integral of x squared from 0 to 1,"SLASHintUNDERSCORE0CAP1 xCAP2 SLASH, dx"
integral of x squared from 0 to 1,"SLASHintUNDERSCORE0CAP1 xCAP2 SLASH, dx"
integral of x squared from 0 to 1,"SLASHintUNDERSCORE0CAP1 xCAP2 SLASH, dx"
x squared,xCAPLEFTB2RIGHTB
y squared,yCAPLEFTB2RIGHTB
x squared,xCAPLEFTB2RIGHTB
y squared,yCAPLEFTB2RIGHTB
x squared,xCAPLEFTB2RIGHTB
y squared,yCAPLEFTB2RIGHTB
x squared,xCAPLEFTB2RIGHTB
x squared plus y squared,xCAPLEFTB2RIGHTB + yCAPLEFTB2RIGHTB
x squared plus y squared,xCAPLEFTB2RIGHTB + yCAPLEFTB2RIGHTB
x squared plus y squared,xCAPLEFTB2RIGHTB + yCAPLEFTB2RIGHTB
x squared plus y squared,xCAPLEFTB2RIGHTB + yCAPLEFTB2RIGHTB
x squared plus y squared,xCAPLEFTB2RIGHTB + yCAPLEFTB2RIGHTB
x squared plus y squared,xCAPLEFTB2RIGHTB + yCAPLEFTB2RIGHTB
x squared plus y squared,xCAPLEFTB2RIGHTB + yCAPLEFTB2RIGHTB
x squared plus y squared,xCAPLEFTB2RIGHTB + yCAPLEFTB2RIGHTB
integral of x squared from 0 to 1,"SLASHintUNDERSCORE0CAP1 xCAP2 SLASH, dx"
integral of x squared from 0 to 1,"SLASHintUNDERSCORE0CAP1 xCAP2 SLASH, dx"
integral of x squared from 0 to 1,"SLASHintUNDERSCORE0CAP1 xCAP2 SLASH, dx"
integral of x squared from 0 to 1,"SLASHintUNDERSCORE0CAP1 xCAP2 SLASH, dx"
integral of x squared from 0 to 1,"SLASHintUNDERSCORE0CAP1 xCAP2 SLASH, dx"
integral of x squared from 0 to 1,"SLASHintUNDERSCORE0CAP1 xCAP2 SLASH, dx"
integral of x squared from 0 to 1,"SLASHintUNDERSCORE0CAP1 xCAP2 SLASH, dx"
integral of x squared from 0 to 1,"SLASHintUNDERSCORE0CAP1 xCAP2 SLASH, dx"
integral of x squared from 0 to 1,"SLASHintUNDERSCORE0CAP1 xCAP2 SLASH, dx"
integral of x squared from 0 to 1,"SLASHintUNDERSCORE0CAP1 xCAP2 SLASH, dx"
x squared,xCAPLEFTB2RIGHTB
y squared,yCAPLEFTB2RIGHTB
x squared,xCAPLEFTB2RIGHTB
y squared,yCAPLEFTB2RIGHTB
x squared,xCAPLEFTB2RIGHTB
y squared,yCAPLEFTB2RIGHTB
x squared,xCAPLEFTB2RIGHTB
x squared plus y squared,xCAPLEFTB2RIGHTB + yCAPLEFTB2RIGHTB
x squared plus y squared,xCAPLEFTB2RIGHTB + yCAPLEFTB2RIGHTB
x squared plus y squared,xCAPLEFTB2RIGHTB + yCAPLEFTB2RIGHTB
x squared plus y squared,xCAPLEFTB2RIGHTB + yCAPLEFTB2RIGHTB
x squared plus y squared,xCAPLEFTB2RIGHTB + yCAPLEFTB2RIGHTB
x squared plus y squared,xCAPLEFTB2RIGHTB + yCAPLEFTB2RIGHTB
x squared plus y squared,xCAPLEFTB2RIGHTB + yCAPLEFTB2RIGHTB
x squared plus y squared,xCAPLEFTB2RIGHTB + yCAPLEFTB2RIGHTB
integral of x squared from 0 to 1,"SLASHintUNDERSCORE0CAP1 xCAP2 SLASH, dx"
integral of x squared from 0 to 1,"SLASHintUNDERSCORE0CAP1 xCAP2 SLASH, dx"
integral of x squared from 0 to 1,"SLASHintUNDERSCORE0CAP1 xCAP2 SLASH, dx"
integral of x squared from 0 to 1,"SLASHintUNDERSCORE0CAP1 xCAP2 SLASH, dx"
integral of x squared from 0 to 1,"SLASHintUNDERSCORE0CAP1 xCAP2 SLASH, dx"
integral of x squared from 0 to 1,"SLASHintUNDERSCORE0CAP1 xCAP2 SLASH, dx"
integral of x squared from 0 to 1,"SLASHintUNDERSCORE0CAP1 xCAP2 SLASH, dx"
integral of x squared from 0 to 1,"SLASHintUNDERSCORE0CAP1 xCAP2 SLASH, dx"
integral of x squared from 0 to 1,"SLASHintUNDERSCORE0CAP1 xCAP2 SLASH, dx"
integral of x squared from 0 to 1,"SLASHintUNDERSCORE0CAP1 xCAP2 SLASH, dx"
x squared,xCAPLEFTB2RIGHTB
y squared,yCAPLEFTB2RIGHTB
x squared,xCAPLEFTB2RIGHTB
y squared,yCAPLEFTB2RIGHTB
x squared,xCAPLEFTB2RIGHTB
y squared,yCAPLEFTB2RIGHTB
x squared,xCAPLEFTB2RIGHTB
x squared plus y squared,xCAPLEFTB2RIGHTB + yCAPLEFTB2RIGHTB
x squared plus y squared,xCAPLEFTB2RIGHTB + yCAPLEFTB2RIGHTB
x squared plus y squared,xCAPLEFTB2RIGHTB + yCAPLEFTB2RIGHTB
x squared plus y squared,xCAPLEFTB2RIGHTB + yCAPLEFTB2RIGHTB
x squared plus y squared,xCAPLEFTB2RIGHTB + yCAPLEFTB2RIGHTB
x squared plus y squared,xCAPLEFTB2RIGHTB + yCAPLEFTB2RIGHTB
x squared plus y squared,xCAPLEFTB2RIGHTB + yCAPLEFTB2RIGHTB
x squared plus y squared,xCAPLEFTB2RIGHTB + yCAPLEFTB2RIGHTB
integral of x squared from 0 to 1,"SLASHintUNDERSCORE0CAP1 xCAP2 SLASH, dx"
integral of x squared from 0 to 1,"SLASHintUNDERSCORE0CAP1 xCAP2 SLASH, dx"
integral of x squared from 0 to 1,"SLASHintUNDERSCORE0CAP1 xCAP2 SLASH, dx"
integral of x squared from 0 to 1,"SLASHintUNDERSCORE0CAP1 xCAP2 SLASH, dx"
integral of x squared from 0 to 1,"SLASHintUNDERSCORE0CAP1 xCAP2 SLASH, dx"
integral of x squared from 0 to 1,"SLASHintUNDERSCORE0CAP1 xCAP2 SLASH, dx"
integral of x squared from 0 to 1,"SLASHintUNDERSCORE0CAP1 xCAP2 SLASH, dx"
integral of x squared from 0 to 1,"SLASHintUNDERSCORE0CAP1 xCAP2 SLASH, dx"
integral of x squared from 0 to 1,"SLASHintUNDERSCORE0CAP1 xCAP2 SLASH, dx"
integral of x squared from 0 to 1,"SLASHintUNDERSCORE0CAP1 xCAP2 SLASH, dx"
x squared,xCAPLEFTB2RIGHTB
y squared,yCAPLEFTB2RIGHTB
x squared,xCAPLEFTB2RIGHTB
